id	title	source_url	final_url	status	local_pdf	local_html	notes
MSB-SIG-001	Vrselja 2019 BrainEx	https://pmc.ncbi.nlm.nih.gov/articles/PMC6844189/	https://pmc.ncbi.nlm.nih.gov/articles/PMC6844189/	html-downloaded-pdf-gated-or-not-oa		domains/c1-boundary-rewriting/disembodied-cns/literature/papers/html/MSB-SIG-001-Vrselja-2019-BrainEx.html	PMC page exposes PDF UI, but direct scripted PDF request returns NCBI download challenge or source is not OA via OA API; HTML snapshot retained
MSB-SIG-002	NIH Blueprint Interoception Initiative	https://www.nih.gov/nih-blueprint-neuroscience-research/blueprint-research-initiatives/nih-blueprint-neuroscience-research-initiative-interoception	https://www.nih.gov/nih-blueprint-neuroscience-research/blueprint-research-initiatives/nih-blueprint-neuroscience-research-initiative-interoception	html-downloaded-no-pdf-link		domains/c1-boundary-rewriting/disembodied-cns/literature/papers/html/MSB-SIG-002-NIH-Blueprint-Interoception-Initiative.html	
MSB-SIG-003	Khalsa 2018 Interoception and Mental Health	https://pmc.ncbi.nlm.nih.gov/articles/PMC6054486/	https://pmc.ncbi.nlm.nih.gov/articles/PMC6054486/	html-downloaded-pdf-gated-or-not-oa		domains/c1-boundary-rewriting/disembodied-cns/literature/papers/html/MSB-SIG-003-Khalsa-2018-Interoception-and-Mental-Health.html	NCBI OA API exposes an FTP PDF link, but FTP retrieval failed in this environment; HTML snapshot retained
MSB-SIG-004	FDA Artificial Pancreas Device System	https://www.fda.gov/medical-devices/artificial-pancreas-device-system/what-pancreas-what-artificial-pancreas-device-system	https://www.fda.gov/medical-devices/artificial-pancreas-device-system/what-pancreas-what-artificial-pancreas-device-system	html-downloaded-no-pdf-link		domains/c1-boundary-rewriting/disembodied-cns/literature/papers/html/MSB-SIG-004-FDA-Artificial-Pancreas-Device-System.html	
MSB-SIG-005	Brown 2019 Closed Loop Control T1D	https://pubmed.ncbi.nlm.nih.gov/31618560/	https://pubmed.ncbi.nlm.nih.gov/31618560/	html-downloaded-no-pdf-link		domains/c1-boundary-rewriting/disembodied-cns/literature/papers/html/MSB-SIG-005-Brown-2019-Closed-Loop-Control-T1D.html	
MSB-SIG-006	ELSO ECMO Guidelines	https://www.elso.org/ecmo-resources/elso-ecmo-guidelines.aspx	https://www.elso.org/ecmo-resources/elso-ecmo-guidelines.aspx	html-and-pdf-downloaded	domains/c1-boundary-rewriting/disembodied-cns/literature/papers/pdf/MSB-SIG-006-ELSO-ECMO-Guidelines.pdf	domains/c1-boundary-rewriting/disembodied-cns/literature/papers/html/MSB-SIG-006-ELSO-ECMO-Guidelines.html	
MSB-SIG-007	FDA BCI Guidance	https://www.fda.gov/regulatory-information/search-fda-guidance-documents/implanted-brain-computer-interface-bci-devices-patients-paralysis-or-amputation-non-clinical-testing	https://www.fda.gov/regulatory-information/search-fda-guidance-documents/implanted-brain-computer-interface-bci-devices-patients-paralysis-or-amputation-non-clinical-testing	html-and-pdf-downloaded	domains/c1-boundary-rewriting/disembodied-cns/literature/papers/pdf/MSB-SIG-007-FDA-BCI-Guidance.pdf	domains/c1-boundary-rewriting/disembodied-cns/literature/papers/html/MSB-SIG-007-FDA-BCI-Guidance.html	
MSB-SIG-008	DARPA NESD	https://www.darpa.mil/research/programs/neural-engineering-system-design	https://www.darpa.mil/research/programs/neural-engineering-system-design	html-downloaded-no-pdf-link		domains/c1-boundary-rewriting/disembodied-cns/literature/papers/html/MSB-SIG-008-DARPA-NESD.html	
MSB-SIG-009	ClinicalTrials PRIME Study NCT06429735	https://clinicaltrials.gov/study/NCT06429735	https://clinicaltrials.gov/study/NCT06429735	html-downloaded-no-pdf-link		domains/c1-boundary-rewriting/disembodied-cns/literature/papers/html/MSB-SIG-009-ClinicalTrials-PRIME-Study-NCT06429735.html	
MSB-SIG-010	NCATS Tissue Chip	https://ncats.nih.gov/research/research-activities/tissue-chip/meet-chip	https://ncats.nih.gov/research/research-activities/tissue-chip/meet-chip	html-downloaded-no-pdf-link		domains/c1-boundary-rewriting/disembodied-cns/literature/papers/html/MSB-SIG-010-NCATS-Tissue-Chip.html	
MSB-SIG-011	FDA Xenotransplantation	https://www.fda.gov/vaccines-blood-biologics/xenotransplantation	https://www.fda.gov/vaccines-blood-biologics/xenotransplantation	html-downloaded-no-pdf-link		domains/c1-boundary-rewriting/disembodied-cns/literature/papers/html/MSB-SIG-011-FDA-Xenotransplantation.html	
MSB-SIG-012	FDA SynCardia PMA P030011 TAH-t	https://www.accessdata.fda.gov/scripts/cdrh/cfdocs/cfpma/pma_template.cfm?id=p030011	https://www.accessdata.fda.gov/scripts/cdrh/cfdocs/cfpma/pma_template.cfm?id=p030011	html-and-pdf-downloaded	domains/c1-boundary-rewriting/disembodied-cns/literature/papers/pdf/MSB-SIG-012-FDA-SynCardia-PMA-P030011-TAH-t.pdf	domains/c1-boundary-rewriting/disembodied-cns/literature/papers/html/MSB-SIG-012-FDA-SynCardia-PMA-P030011-TAH-t.html	
MSB-SIG-013	NASA Systems Engineering Handbook	https://www.nasa.gov/wp-content/uploads/2018/09/nasa_systems_engineering_handbook_0.pdf	https://www.nasa.gov/wp-content/uploads/2018/09/nasa_systems_engineering_handbook_0.pdf	pdf-downloaded	domains/c1-boundary-rewriting/disembodied-cns/literature/papers/pdf/MSB-SIG-013-NASA-Systems-Engineering-Handbook.pdf		
MSB-SIG-014	FDA General Principles Software Validation	https://www.fda.gov/regulatory-information/search-fda-guidance-documents/general-principles-software-validation	https://www.fda.gov/regulatory-information/search-fda-guidance-documents/general-principles-software-validation	html-and-pdf-downloaded	domains/c1-boundary-rewriting/disembodied-cns/literature/papers/pdf/MSB-SIG-014-FDA-General-Principles-Software-Validation.pdf	domains/c1-boundary-rewriting/disembodied-cns/literature/papers/html/MSB-SIG-014-FDA-General-Principles-Software-Validation.html	
MSB-SIG-015	FDA Device Software Premarket Submissions	https://www.fda.gov/regulatory-information/search-fda-guidance-documents/content-premarket-submissions-device-software-functions	https://www.fda.gov/regulatory-information/search-fda-guidance-documents/content-premarket-submissions-device-software-functions	html-and-pdf-downloaded	domains/c1-boundary-rewriting/disembodied-cns/literature/papers/pdf/MSB-SIG-015-FDA-Device-Software-Premarket-Submissions.pdf	domains/c1-boundary-rewriting/disembodied-cns/literature/papers/html/MSB-SIG-015-FDA-Device-Software-Premarket-Submissions.html	
MSB-SIG-016	Leveson STAMP Accident Analysis	https://shemesh.larc.nasa.gov/iria03/p13-leveson.pdf	https://shemesh.larc.nasa.gov/iria03/p13-leveson.pdf	pdf-downloaded	domains/c1-boundary-rewriting/disembodied-cns/literature/papers/pdf/MSB-SIG-016-Leveson-STAMP-Accident-Analysis.pdf		
MSB-SIG-017	NIH Research Matters OrganEx	https://www.nih.gov/news-events/nih-research-matters/restoring-cell-organ-function-after-heart-stops	https://www.nih.gov/news-events/nih-research-matters/restoring-cell-organ-function-after-heart-stops	html-downloaded-no-pdf-link		domains/c1-boundary-rewriting/disembodied-cns/literature/papers/html/MSB-SIG-017-NIH-Research-Matters-OrganEx.html	
MSB-SIG-018	SEP Embodied Cognition	https://plato.stanford.edu/entries/embodied-cognition/	https://plato.stanford.edu/entries/embodied-cognition/	html-downloaded-no-pdf-link		domains/c1-boundary-rewriting/disembodied-cns/literature/papers/html/MSB-SIG-018-SEP-Embodied-Cognition.html	
MSB-SIG-019	Seth 2013 Interoceptive inference	https://pubmed.ncbi.nlm.nih.gov/24126130/	https://pubmed.ncbi.nlm.nih.gov/24126130/	html-downloaded-no-pdf-link		domains/c1-boundary-rewriting/disembodied-cns/literature/papers/html/MSB-SIG-019-Seth-2013-Interoceptive-inference.html	
MSB-SIG-020	FDA SynCardia Total Artificial Heart	https://www.accessdata.fda.gov/scripts/cdrh/cfdocs/cfpma/pma_template.cfm?id=p030011	https://www.accessdata.fda.gov/scripts/cdrh/cfdocs/cfpma/pma_template.cfm?id=p030011	html-and-pdf-downloaded	domains/c1-boundary-rewriting/disembodied-cns/literature/papers/pdf/MSB-SIG-020-FDA-SynCardia-Total-Artificial-Heart.pdf	domains/c1-boundary-rewriting/disembodied-cns/literature/papers/html/MSB-SIG-020-FDA-SynCardia-Total-Artificial-Heart.html	
MSB-SIG-021	Barrett Simmons 2015 Interoceptive predictions	https://pmc.ncbi.nlm.nih.gov/articles/PMC4731102/	https://pmc.ncbi.nlm.nih.gov/articles/PMC4731102/	html-downloaded-pdf-gated-or-not-oa		domains/c1-boundary-rewriting/disembodied-cns/literature/papers/html/MSB-SIG-021-Barrett-Simmons-2015-Interoceptive-predictions.html	PMC page exposes PDF UI, but direct scripted PDF request returns NCBI download challenge or source is not OA via OA API; HTML snapshot retained
MSB-SIG-022	Craig 2009 Anterior insula awareness	https://pubmed.ncbi.nlm.nih.gov/19096369/	https://pubmed.ncbi.nlm.nih.gov/19096369/	html-downloaded-no-pdf-link		domains/c1-boundary-rewriting/disembodied-cns/literature/papers/html/MSB-SIG-022-Craig-2009-Anterior-insula-awareness.html	
MSB-SIG-023	Flesher 2016 Intracortical microstimulation	https://pubmed.ncbi.nlm.nih.gov/27738096/	https://pubmed.ncbi.nlm.nih.gov/27738096/	html-downloaded-no-pdf-link		domains/c1-boundary-rewriting/disembodied-cns/literature/papers/html/MSB-SIG-023-Flesher-2016-Intracortical-microstimulation.html	
MSB-SIG-024	Metzger 2023 Neuroprosthesis speech decoding	https://pmc.ncbi.nlm.nih.gov/articles/PMC10826467/	https://pmc.ncbi.nlm.nih.gov/articles/PMC10826467/	html-downloaded-pdf-gated-or-not-oa		domains/c1-boundary-rewriting/disembodied-cns/literature/papers/html/MSB-SIG-024-Metzger-2023-Neuroprosthesis-speech-decoding.html	PMC page exposes PDF UI, but direct scripted PDF request returns NCBI download challenge or source is not OA via OA API; HTML snapshot retained
MSB-SIG-025	Petzschner 2022 Interoception modeling allostasis control	https://pmc.ncbi.nlm.nih.gov/articles/PMC9270659/	https://pmc.ncbi.nlm.nih.gov/articles/PMC9270659/	html-downloaded-pdf-gated-or-not-oa		domains/c1-boundary-rewriting/disembodied-cns/literature/papers/html/MSB-SIG-025-Petzschner-2022-Interoception-modeling-allostasis-control.html	PMC page exposes PDF UI, but direct scripted PDF request returns NCBI download challenge or source is not OA via OA API; HTML snapshot retained
